Date,Time,Prediction,Confidence
2026-07-08,12:07:25,REAL,68.03
2026-07-08,12:07:26,REAL,63.49
2026-07-08,12:07:27,REAL,76.17
2026-07-08,12:07:28,REAL,81.58
2026-07-08,12:07:29,REAL,77.55
2026-07-08,12:07:30,REAL,61.70
2026-07-08,12:07:31,REAL,79.62
2026-07-08,12:12:27,REAL,81.88
2026-07-08,12:12:28,REAL,64.02
2026-07-08,12:12:29,REAL,61.99
2026-07-08,12:12:30,REAL,77.50
2026-07-08,12:12:31,REAL,74.39
2026-07-08,12:12:32,REAL,73.43
2026-07-08,12:12:33,REAL,61.72
2026-07-08,12:12:34,REAL,74.17
2026-07-08,12:12:35,REAL,75.45
2026-07-08,12:12:36,REAL,65.40
2026-07-08,12:12:37,REAL,76.47
2026-07-08,12:12:38,REAL,72.38
2026-07-08,12:12:39,REAL,68.25
2026-07-08,12:12:40,REAL,73.13
2026-07-08,12:15:54,REAL,68.34
2026-07-08,12:15:55,REAL,51.89
2026-07-08,12:15:56,REAL,55.60
2026-07-08,12:15:57,REAL,55.76
2026-07-08,12:15:58,REAL,66.11
2026-07-08,12:15:59,REAL,77.29
2026-07-08,12:16:00,REAL,68.24
2026-07-08,12:16:01,REAL,61.96
2026-07-08,12:16:02,REAL,67.72
2026-07-08,12:16:03,REAL,59.46
2026-07-14,11:21:39,REAL,64.09
2026-07-14,11:21:40,REAL,78.54
2026-07-14,11:21:41,REAL,75.79
2026-07-14,11:21:42,REAL,67.96
2026-07-14,11:21:43,REAL,75.71
2026-07-14,11:21:44,REAL,75.45
2026-07-14,11:21:45,REAL,82.37
2026-07-14,11:21:46,REAL,74.51
2026-07-14,11:21:48,REAL,59.16
2026-07-14,11:21:49,REAL,87.12
2026-07-14,11:21:50,REAL,78.19
2026-07-14,11:21:51,REAL,78.74
2026-07-14,11:21:52,REAL,69.24
2026-07-14,11:21:53,REAL,85.18
2026-07-14,11:21:54,REAL,63.94
2026-07-14,11:21:55,REAL,81.39
2026-07-14,11:21:56,REAL,73.80
2026-07-14,11:21:57,REAL,60.87
2026-07-14,11:21:59,REAL,65.72
2026-07-14,11:22:00,REAL,64.63
2026-07-14,11:22:01,REAL,67.15
2026-07-14,11:26:09,REAL,57.24
2026-07-14,11:32:54,REAL,65.70
2026-07-14,11:32:57,FAKE,53.96
2026-07-14,11:33:03,REAL,70.44
2026-07-14,11:33:04,REAL,65.00
2026-07-14,11:33:05,REAL,61.02
2026-07-14,11:33:06,REAL,72.96
2026-07-14,11:33:07,REAL,62.11
2026-07-14,11:33:08,REAL,78.23
2026-07-14,11:33:09,REAL,59.78
2026-07-14,11:33:10,REAL,68.76
2026-07-14,11:33:11,REAL,67.83
2026-07-14,11:33:12,REAL,69.53
2026-07-14,11:33:13,REAL,65.37
2026-07-14,11:33:14,REAL,80.94
2026-07-14,11:33:15,REAL,76.23
2026-07-14,11:33:16,REAL,66.13
2026-07-14,11:33:17,REAL,73.19
2026-07-14,11:33:18,REAL,75.24
2026-07-14,12:02:59,REAL,73.46
2026-07-14,12:03:00,REAL,68.54
2026-07-14,12:03:01,REAL,72.68
2026-07-14,12:03:02,FAKE,50.50
2026-07-14,12:03:07,REAL,71.85
2026-07-14,12:03:08,REAL,68.99
2026-07-14,12:29:29,FAKE,52.83
2026-07-14,12:29:40,REAL,71.50
2026-07-14,12:29:41,REAL,76.09
2026-07-14,12:29:42,REAL,78.66
2026-07-14,12:29:43,REAL,77.76
2026-07-14,12:29:44,REAL,78.60
2026-07-14,12:29:45,REAL,81.95
2026-07-14,12:29:46,REAL,66.44
2026-07-14,12:29:47,REAL,67.91
2026-07-14,12:29:48,REAL,64.30
2026-07-14,12:29:49,REAL,64.02
2026-07-14,12:29:50,REAL,57.14
2026-07-14,12:29:51,REAL,64.31
2026-07-14,12:31:05,REAL,63.76
2026-07-14,12:31:06,REAL,60.66
2026-07-14,12:31:07,FAKE,53.94
2026-07-27,19:24:57,REAL,82.43
2026-07-27,19:24:58,REAL,74.24
2026-07-27,19:24:59,REAL,82.57
2026-07-27,19:25:00,REAL,81.05
2026-07-27,19:25:01,REAL,78.48
2026-07-27,19:25:02,REAL,65.69
2026-07-27,19:25:03,REAL,81.52
2026-07-27,19:26:02,REAL,74.46
2026-07-27,19:26:03,REAL,69.44
2026-07-27,19:26:04,REAL,60.54
2026-07-27,19:26:05,REAL,83.10
2026-07-27,19:26:06,REAL,53.94
2026-07-27,19:26:07,REAL,84.92
2026-07-27,19:26:08,REAL,76.50
2026-07-27,19:26:09,REAL,78.78
2026-07-27,19:26:10,REAL,58.08
2026-07-27,19:26:11,REAL,76.03
2026-07-27,19:26:12,REAL,70.06
2026-07-27,19:39:26,FAKE,69.25
2026-07-27,19:39:30,FAKE,65.35
2026-07-27,19:39:31,FAKE,70.02
2026-07-27,19:39:32,FAKE,68.59
2026-07-27,19:39:33,FAKE,81.67
2026-07-27,19:39:34,FAKE,71.35
2026-07-27,19:39:35,FAKE,74.33
2026-07-27,19:39:36,FAKE,84.90
2026-07-27,19:39:37,FAKE,85.88
2026-07-27,19:39:38,FAKE,92.03
2026-07-27,19:39:39,FAKE,84.52
2026-07-27,19:39:40,FAKE,82.01
2026-07-27,19:42:56,REAL,73.51
2026-07-27,19:42:57,REAL,75.44
2026-07-27,19:42:58,REAL,87.37
2026-07-27,19:42:59,REAL,87.53
2026-07-27,19:43:00,REAL,75.77
2026-08-10,19:55:33,REAL,81.83
2026-08-10,19:55:34,REAL,84.53
2026-08-10,19:55:35,REAL,92.64
2026-08-10,19:55:36,REAL,85.38
2026-08-10,19:55:37,REAL,87.44
2026-08-10,19:55:38,REAL,89.64
2026-08-10,19:55:39,REAL,83.42
2026-08-10,19:55:40,REAL,86.95
2026-08-10,19:55:41,REAL,91.04
2026-08-10,19:55:42,REAL,81.56
2026-08-10,19:55:43,REAL,78.50
2026-08-10,19:55:44,REAL,85.77
2026-08-10,19:55:45,REAL,88.17
2026-08-10,19:55:46,REAL,89.50
2026-08-10,19:55:47,REAL,86.42
2026-08-10,19:55:48,REAL,62.02
2026-08-10,19:55:49,REAL,86.11
2026-08-10,19:56:38,REAL,79.63
2026-08-10,19:56:39,REAL,82.99
2026-08-10,19:56:40,REAL,75.19
2026-08-10,19:56:41,REAL,84.29
2026-08-10,19:56:42,REAL,77.81
2026-08-10,19:56:43,REAL,81.66
2026-08-10,19:56:44,REAL,84.93
2026-08-10,19:56:45,REAL,85.44
2026-08-10,19:57:14,REAL,57.24
2026-08-11,14:44:44,REAL,73.50
2026-08-11,14:44:45,REAL,84.66
2026-08-11,14:44:46,REAL,81.37
2026-08-11,14:44:47,REAL,69.96
2026-08-11,14:44:48,REAL,79.42
2026-08-11,14:44:49,REAL,85.96
2026-08-11,14:44:50,REAL,77.55
2026-08-11,14:44:51,REAL,74.30
2026-08-11,14:44:52,REAL,67.14
2026-08-11,14:44:53,REAL,87.65
2026-08-11,14:44:54,REAL,80.39
2026-08-11,14:44:55,REAL,89.38
2026-08-11,14:44:56,REAL,77.91
2026-08-11,14:44:57,REAL,80.81
2026-08-11,14:44:58,REAL,78.77
2026-08-11,14:44:59,REAL,69.88
2026-08-11,14:45:32,REAL,57.24
2026-08-11,20:16:49,REAL,77.82
2026-08-11,20:16:50,REAL,78.07
2026-08-11,20:16:51,REAL,82.64
2026-08-11,20:16:52,REAL,81.93
2026-08-11,20:16:53,REAL,82.39
2026-08-11,20:16:54,REAL,85.83
2026-08-11,20:16:55,REAL,84.36
2026-08-11,20:16:56,REAL,80.75
2026-08-11,20:16:57,REAL,83.39
2026-08-11,20:21:32,REAL,73.08
2026-08-11,20:21:33,REAL,75.42
2026-08-11,20:21:34,REAL,73.51
2026-08-11,20:21:35,REAL,79.67
2026-08-11,20:21:36,REAL,80.69
2026-08-11,20:21:37,REAL,69.69
2026-08-11,20:21:38,REAL,83.20
2026-08-11,20:28:37,REAL,82.18
2026-08-11,20:28:38,REAL,80.59
2026-08-11,20:28:39,REAL,79.83
2026-08-11,20:28:40,REAL,79.28
2026-08-11,20:28:41,REAL,76.23
2026-08-11,20:28:42,REAL,75.65
2026-08-12,19:37:14,REAL,73.97
2026-08-12,19:37:15,REAL,84.69
2026-08-12,19:37:16,REAL,83.64
2026-08-12,19:37:17,REAL,59.32
2026-08-12,19:37:18,REAL,81.65
2026-08-12,19:37:19,FAKE,55.86
2026-08-12,19:41:51,REAL,81.51
2026-08-12,19:41:52,REAL,83.30
2026-08-12,19:41:53,REAL,85.59
2026-08-12,19:41:54,REAL,87.99
2026-08-12,19:51:38,REAL,59.27
2026-08-12,19:51:39,REAL,75.32
2026-08-12,19:51:40,REAL,69.73
2026-08-12,19:51:41,NO FACE,0.00
2026-08-12,19:51:42,REAL,68.14
2026-08-12,19:51:43,REAL,68.23
2026-08-12,19:51:44,REAL,50.65
2026-08-12,19:51:45,REAL,55.37
2026-08-12,19:51:46,REAL,59.28
2026-08-12,19:51:47,REAL,59.28
2026-08-12,19:51:48,REAL,69.49
2026-08-12,19:51:49,REAL,74.61
2026-08-13,15:17:20,REAL,81.23
2026-08-13,15:17:21,REAL,73.77
2026-08-13,15:17:22,REAL,73.06
2026-08-13,15:17:23,REAL,84.31
2026-08-13,15:17:24,REAL,64.76
2026-08-13,15:17:25,REAL,53.94
2026-08-13,15:17:26,REAL,63.20
2026-08-13,15:17:27,REAL,69.18
2026-08-13,15:17:28,REAL,62.91
2026-08-13,15:17:29,REAL,71.01
2026-08-13,15:17:30,REAL,78.93
2026-08-13,15:17:31,REAL,75.34
2026-08-13,15:17:32,REAL,56.14
2026-08-13,15:17:33,FAKE,69.87
2026-08-13,15:17:37,REAL,65.75
2026-08-13,15:17:38,NO FACE,0.00
2026-08-13,15:17:39,REAL,63.76
2026-08-13,15:17:40,REAL,79.82
2026-08-13,15:17:41,REAL,75.33
2026-08-13,15:17:42,REAL,72.49
2026-08-13,15:17:43,REAL,63.02
2026-08-13,15:17:44,REAL,73.26
2026-08-13,15:17:45,REAL,82.30
2026-08-13,15:17:46,FAKE,55.24
2026-08-13,15:17:47,FAKE,63.42
2026-08-13,15:17:48,FAKE,51.39
2026-08-13,15:17:49,FAKE,57.92
2026-08-13,15:17:50,REAL,51.81
2026-08-13,15:17:51,REAL,51.37
2026-08-13,15:17:52,REAL,50.44
2026-08-13,15:17:53,REAL,54.78
2026-08-13,15:17:54,REAL,57.96
2026-08-13,15:17:55,REAL,76.22
2026-08-13,15:17:56,REAL,68.25
2026-08-13,15:17:57,FAKE,52.02
2026-08-13,15:17:58,REAL,88.04
2026-08-13,15:17:59,REAL,77.35
2026-08-13,15:18:00,REAL,71.56
2026-08-13,15:18:01,REAL,66.63
2026-08-13,15:18:02,REAL,77.51
2026-08-13,15:18:03,REAL,77.91
2026-08-13,15:18:04,FAKE,63.81
2026-08-13,15:18:09,REAL,84.48
2026-08-13,15:18:10,REAL,75.25
2026-08-13,15:18:11,REAL,85.44
2026-08-13,15:18:12,REAL,87.33
2026-08-13,15:18:13,REAL,58.33
2026-08-13,15:18:14,NO FACE,0.00
2026-08-13,15:18:15,REAL,67.93
2026-08-13,15:18:16,REAL,83.96
2026-08-13,15:18:17,REAL,67.68
2026-08-13,15:18:18,REAL,77.78
2026-08-13,15:18:19,REAL,87.04
2026-08-13,15:18:20,REAL,79.37
2026-08-13,15:18:21,REAL,78.92
2026-08-13,15:18:22,REAL,73.34
2026-08-13,15:18:23,REAL,76.38
2026-08-13,15:18:24,REAL,69.61
2026-08-13,15:18:26,REAL,73.42
2026-08-13,15:18:27,REAL,57.39
2026-08-13,15:18:28,REAL,70.36
2026-08-13,15:18:29,REAL,71.75
2026-08-13,15:18:30,REAL,68.35
2026-08-13,15:19:23,REAL,73.30
2026-08-13,15:19:24,REAL,86.76
2026-08-13,15:19:25,REAL,76.25
2026-08-13,15:19:26,REAL,72.51
2026-08-13,15:19:27,NO FACE,0.00
2026-08-13,15:19:28,REAL,76.78
2026-08-13,15:19:29,REAL,79.42
2026-08-13,15:19:30,REAL,82.40
2026-08-13,15:19:31,REAL,69.46
2026-08-13,15:19:32,REAL,74.57
2026-08-13,15:19:33,REAL,69.78
2026-08-13,15:19:34,REAL,77.12
2026-08-13,15:19:35,REAL,87.26
2026-08-13,15:19:36,REAL,88.21
2026-08-13,15:19:37,REAL,83.69
2026-08-13,15:19:38,REAL,90.12
2026-08-13,15:19:39,REAL,74.13
2026-08-13,15:19:40,REAL,80.01
2026-08-13,15:19:41,REAL,81.84
2026-08-13,15:19:42,REAL,84.89
2026-08-13,15:19:43,REAL,92.67
2026-08-13,15:19:44,REAL,93.81
2026-08-13,15:19:45,REAL,85.29
2026-08-13,15:19:46,REAL,83.31
2026-08-13,15:19:47,REAL,85.80
2026-08-13,15:19:48,REAL,80.37
2026-08-13,15:19:49,REAL,85.10
2026-08-13,15:19:50,REAL,77.87
2026-08-13,15:19:51,REAL,78.40
2026-08-13,15:19:52,REAL,83.19
2026-08-13,15:19:53,REAL,87.23
2026-08-13,15:19:54,REAL,87.35
2026-08-13,15:19:55,REAL,88.19
2026-08-13,15:19:56,REAL,92.29
2026-08-13,15:19:57,REAL,91.64
2026-08-13,15:19:58,REAL,90.74
2026-08-13,15:19:59,REAL,93.30
2026-08-13,15:20:00,REAL,70.65
2026-08-13,15:20:01,REAL,88.49
2026-08-13,15:20:02,REAL,65.93
2026-08-13,15:20:03,REAL,72.50
2026-08-13,15:20:04,REAL,63.80
2026-08-13,15:20:05,REAL,84.67
2026-08-13,15:20:06,REAL,70.36
2026-08-13,15:20:07,REAL,55.85
2026-08-13,15:20:08,REAL,75.72
2026-08-13,15:20:09,REAL,62.97
2026-08-13,15:20:10,REAL,65.41
2026-08-13,15:20:11,REAL,72.73
2026-08-13,15:20:13,REAL,88.07
2026-08-13,15:20:14,REAL,81.28
2026-08-13,15:20:19,REAL,73.41
2026-08-13,15:20:20,REAL,73.41
2026-08-13,15:20:21,REAL,68.01
2026-08-13,15:20:22,REAL,67.34
2026-08-13,15:20:23,REAL,62.65
2026-08-13,15:20:24,REAL,60.56
2026-08-13,15:20:25,REAL,80.48
2026-08-13,15:20:26,REAL,63.09
2026-08-13,15:20:27,REAL,84.91
2026-08-13,15:20:28,REAL,79.05
2026-08-13,15:20:29,REAL,71.43
2026-08-13,15:20:30,REAL,66.52
2026-08-16,22:00:56,FAKE,59.63
2026-08-16,22:01:01,FAKE,59.66
2026-08-16,22:01:02,FAKE,59.66
2026-08-16,22:01:03,FAKE,59.66
2026-08-16,22:01:04,FAKE,59.58
2026-08-16,22:01:05,FAKE,59.73
2026-08-16,22:01:06,FAKE,59.70
2026-08-16,22:01:07,FAKE,59.68
2026-08-16,22:01:08,FAKE,59.69
2026-08-16,22:01:09,FAKE,59.63
2026-08-16,22:01:10,FAKE,59.62
2026-08-16,22:01:11,FAKE,59.67
2026-08-16,22:01:12,FAKE,59.67
2026-08-16,22:01:13,FAKE,59.59
2026-08-16,22:01:14,FAKE,59.66
2026-08-20,20:31:20,REAL,65.07
2026-08-20,20:31:21,REAL,60.52
2026-08-20,20:31:22,REAL,57.12
2026-08-20,20:31:23,REAL,62.82
2026-08-20,20:31:24,REAL,70.07
2026-08-20,20:31:25,REAL,70.80
2026-08-20,20:31:26,REAL,58.14
2026-08-20,20:31:27,REAL,65.41
2026-08-20,20:31:28,REAL,62.38
2026-08-20,20:31:29,REAL,69.46
2026-08-20,20:31:30,REAL,57.96
2026-08-20,20:31:31,REAL,73.56
2026-08-20,20:31:32,REAL,77.51
2026-08-22,20:01:49,REAL,45.00
2026-08-22,20:01:50,REAL,77.24
2026-08-22,20:01:51,REAL,81.77
2026-08-22,20:01:52,REAL,80.59
2026-08-22,20:01:53,REAL,79.84
2026-08-22,20:01:54,REAL,83.24
2026-08-22,20:01:55,REAL,80.21
2026-08-22,20:01:56,REAL,85.94
2026-08-22,20:01:57,REAL,78.11
2026-08-22,20:01:58,REAL,91.91
2026-08-22,20:01:59,REAL,77.40
2026-08-22,20:02:00,REAL,72.29
2026-08-22,20:02:01,REAL,68.10
2026-08-22,20:02:02,REAL,78.28
2026-08-22,20:02:03,REAL,76.61
2026-08-22,20:02:04,REAL,79.83
2026-08-22,20:02:05,REAL,83.31
2026-08-22,20:02:06,REAL,74.84
2026-08-22,20:02:07,REAL,81.95
2026-08-22,20:02:08,REAL,83.82
2026-08-22,20:02:09,REAL,83.48
2026-08-22,20:02:10,REAL,80.45
2026-08-22,20:02:11,REAL,82.11
2026-08-22,20:02:12,REAL,76.15
2026-08-22,20:02:13,REAL,77.19
2026-08-22,20:02:14,REAL,77.77
2026-08-22,20:02:15,REAL,80.43
2026-08-22,20:02:16,REAL,79.87
2026-08-22,20:02:17,REAL,78.13
2026-08-22,20:02:18,REAL,77.50
2026-08-22,20:02:19,REAL,78.62
2026-08-22,20:02:20,REAL,82.20
2026-08-22,20:02:21,REAL,80.46
2026-08-22,20:02:22,REAL,80.27
2026-08-22,20:02:23,REAL,80.96
2026-08-22,20:02:24,REAL,80.61
2026-08-22,20:02:25,REAL,77.88
2026-08-22,20:02:26,REAL,78.61
2026-08-22,20:02:27,REAL,79.68
2026-08-22,20:02:28,REAL,54.26
2026-08-22,20:02:29,REAL,88.89
2026-08-22,20:02:30,REAL,79.75
2026-08-22,20:02:31,REAL,74.37
2026-08-22,20:02:32,REAL,63.32
2026-08-22,20:02:33,REAL,68.94
2026-08-22,20:02:34,REAL,75.10
2026-08-22,20:02:35,REAL,64.98
2026-08-22,20:02:36,REAL,77.18
2026-08-22,20:02:37,REAL,75.58
2026-08-22,20:02:38,REAL,71.94
2026-08-22,20:02:39,REAL,75.42
2026-08-22,20:02:40,REAL,37.29
2026-08-22,20:02:41,REAL,47.37
2026-08-22,20:02:42,REAL,63.66
2026-08-22,20:02:43,REAL,57.78
2026-08-22,20:02:44,REAL,76.92
2026-08-22,20:02:45,REAL,71.74
2026-08-22,20:02:46,REAL,71.92
2026-08-22,20:02:47,REAL,83.50
2026-08-22,20:02:48,REAL,82.37
2026-08-22,20:02:49,REAL,68.76
2026-08-22,20:02:50,REAL,66.06
2026-08-22,20:02:51,REAL,76.24
2026-08-23,19:03:51,REAL,39.73
2026-08-23,19:03:52,REAL,47.25
2026-08-23,19:03:53,REAL,48.06
2026-08-23,19:03:54,REAL,60.83
2026-08-23,19:03:55,REAL,54.57
2026-08-23,19:03:56,REAL,56.82
2026-08-23,19:03:57,REAL,55.34
2026-08-23,19:03:58,REAL,50.07
2026-08-23,19:03:59,REAL,57.14
2026-08-23,19:04:00,REAL,51.34
2026-08-23,19:04:01,REAL,59.03
2026-08-23,19:04:02,REAL,51.38
2026-08-23,19:04:03,REAL,53.10
2026-08-23,19:04:04,REAL,60.30
2026-08-23,19:04:05,REAL,52.95
2026-08-23,19:04:06,REAL,68.37
2026-08-23,19:04:07,REAL,55.95
2026-08-23,19:04:08,REAL,50.65
2026-08-23,19:04:09,REAL,54.88
2026-08-23,19:04:10,REAL,48.94
2026-08-23,19:04:11,REAL,60.22
2026-08-23,19:04:12,REAL,49.84
2026-08-23,19:04:13,REAL,52.54
2026-08-23,19:04:14,REAL,49.97
2026-08-23,19:04:15,REAL,57.51
2026-08-23,19:04:16,REAL,56.47
2026-08-23,19:04:17,REAL,51.21
2026-08-23,19:04:18,REAL,63.66
2026-08-23,19:04:19,REAL,61.24
2026-08-23,19:04:20,REAL,68.07
2026-08-23,19:04:21,REAL,57.94
2026-08-23,19:04:22,REAL,62.84
2026-08-23,19:04:23,REAL,59.18
2026-08-23,19:14:12,REAL,68.50
2026-08-23,19:14:14,REAL,84.53
2026-08-23,19:14:18,REAL,78.93
2026-08-23,19:14:43,REAL,38.97
2026-08-23,19:14:44,REAL,64.06
2026-08-23,19:14:45,NO FACE,0.00
2026-08-23,19:14:46,NO FACE,0.00
2026-08-23,19:14:47,REAL,42.06
2026-08-23,19:14:48,NO FACE,0.00
2026-08-23,19:14:49,REAL,42.89
2026-08-23,19:14:50,REAL,76.12
2026-08-23,19:14:51,NO FACE,0.00
2026-08-23,19:14:52,REAL,83.01
2026-08-23,19:14:53,REAL,84.08
2026-08-23,19:14:54,REAL,79.18
2026-08-23,19:14:55,REAL,77.27
2026-08-23,19:14:56,REAL,86.46
2026-08-23,19:14:57,REAL,77.30
2026-08-23,19:14:58,REAL,62.52
2026-08-23,19:14:59,REAL,78.42
2026-08-23,19:15:00,REAL,80.65
2026-08-23,19:15:01,REAL,84.42
2026-08-23,19:15:02,REAL,88.35
2026-08-23,19:15:03,REAL,80.86
2026-08-23,19:15:04,REAL,48.90
2026-08-23,19:15:22,REAL,35.45
2026-08-23,19:15:24,REAL,47.85
2026-08-23,19:15:26,REAL,42.05
2026-08-23,19:15:27,REAL,72.38
2026-08-23,19:15:28,REAL,64.73
2026-08-23,19:15:29,REAL,68.82
2026-08-23,19:15:30,REAL,70.93
2026-08-23,19:15:31,REAL,70.42
2026-08-23,19:15:32,REAL,82.83
2026-08-23,19:15:33,REAL,50.73
2026-08-23,19:15:34,REAL,61.14
2026-08-23,19:15:35,REAL,55.23
2026-08-23,19:15:36,REAL,61.34
2026-08-23,19:15:37,REAL,73.90
2026-08-23,19:15:38,REAL,61.45
2026-08-23,19:15:39,REAL,67.00
2026-08-23,19:15:40,REAL,72.22
2026-08-23,19:15:41,REAL,68.29
2026-08-23,19:15:42,REAL,80.86
2026-08-23,19:15:43,REAL,64.51
2026-08-23,19:15:44,REAL,68.08
2026-08-23,19:15:45,REAL,74.24
2026-08-23,19:15:46,REAL,71.06
2026-08-23,19:15:47,REAL,74.63
2026-08-23,19:15:48,REAL,64.27
2026-08-23,19:15:49,REAL,77.46
2026-08-23,19:15:50,REAL,71.93
2026-08-23,19:15:51,REAL,63.91
2026-08-23,19:15:52,REAL,70.29
2026-08-23,19:15:53,REAL,78.36
2026-08-23,19:15:54,REAL,85.11
2026-08-23,19:15:55,REAL,69.28
2026-08-23,19:15:56,REAL,64.26
2026-08-23,19:15:57,REAL,71.64
2026-08-23,19:15:58,REAL,59.15
2026-08-23,19:15:59,REAL,50.04
2026-08-23,19:16:00,NO FACE,0.00
2026-08-23,19:16:01,NO FACE,0.00
2026-08-23,19:16:03,REAL,36.94
2026-08-23,19:16:05,REAL,65.43
2026-08-23,19:16:06,NO FACE,0.00
2026-08-23,19:16:07,REAL,64.17
2026-08-23,19:16:08,REAL,57.99
2026-08-23,19:18:28,REAL,64.34
2026-08-23,19:18:29,NO FACE,0.00
2026-08-23,19:18:30,NO FACE,0.00
2026-08-23,19:18:31,REAL,44.62
2026-08-23,19:18:32,NO FACE,0.00
2026-08-23,19:18:34,REAL,36.55
2026-08-23,19:18:35,REAL,36.75
2026-08-23,19:18:36,REAL,40.90
2026-08-23,19:18:37,NO FACE,0.00
2026-08-23,19:18:40,REAL,54.67
2026-08-23,19:18:44,REAL,49.69
2026-08-23,19:18:45,NO FACE,0.00
2026-08-23,19:18:46,REAL,46.34
2026-08-23,19:18:47,REAL,47.67
2026-08-23,19:18:48,REAL,43.27
2026-08-23,19:18:49,REAL,51.37
2026-08-23,19:19:03,REAL,35.82
2026-08-23,19:19:09,REAL,41.41
2026-08-23,19:19:50,REAL,61.16
2026-08-23,19:19:51,REAL,39.32
2026-08-23,19:19:52,FAKE,65.06
2026-08-23,19:19:56,REAL,63.28
2026-08-23,19:19:57,REAL,63.28
2026-08-23,19:19:58,REAL,64.51
2026-08-23,19:19:59,REAL,65.00
2026-08-23,19:20:00,REAL,63.48
2026-08-23,19:20:01,REAL,65.64
2026-08-23,19:20:02,REAL,52.50
2026-08-23,19:20:03,REAL,43.05
2026-08-23,19:20:04,REAL,65.93
2026-08-23,19:20:05,REAL,78.73
2026-08-23,19:20:06,REAL,66.32
2026-08-23,19:20:07,REAL,79.02
2026-08-23,19:20:08,REAL,75.04
2026-08-23,19:20:09,REAL,68.19
2026-08-23,19:20:13,REAL,62.69
2026-08-23,19:20:14,REAL,57.16
2026-08-23,19:20:15,REAL,56.07
2026-08-23,19:20:16,REAL,52.16
2026-08-23,19:20:17,REAL,49.50
2026-08-23,19:20:18,REAL,75.64
2026-08-23,19:20:19,REAL,51.71
2026-08-23,19:20:20,REAL,67.03
2026-08-31,15:18:24,REAL,75.59
2026-08-31,15:18:25,REAL,68.36
2026-08-31,15:18:26,REAL,69.96
2026-08-31,15:18:27,REAL,73.92
2026-08-31,15:18:28,REAL,72.14
2026-08-31,15:18:29,REAL,76.20
2026-08-31,15:18:30,REAL,72.13
2026-08-31,15:18:31,REAL,62.17
2026-08-31,15:18:32,REAL,62.35
2026-08-31,15:18:33,REAL,40.17
2026-08-31,15:18:34,REAL,66.31
2026-08-31,15:18:35,REAL,71.92
2026-08-31,15:18:36,REAL,76.14
2026-08-31,15:18:37,REAL,71.35
2026-08-31,15:18:38,REAL,72.79
2026-08-31,15:18:39,REAL,64.69
2026-08-31,15:18:40,REAL,63.24
2026-08-31,15:18:41,REAL,66.79
2026-08-31,15:18:42,REAL,77.92
2026-08-31,15:18:43,REAL,73.11
2026-08-31,15:18:44,REAL,69.71
2026-08-31,15:18:45,REAL,64.31
2026-08-31,15:18:46,REAL,65.42
2026-08-31,15:18:47,REAL,61.46
2026-08-31,15:18:48,REAL,65.72
2026-08-31,15:18:49,REAL,66.99
2026-08-31,15:18:50,REAL,62.59
2026-08-31,15:18:51,REAL,66.26
2026-08-31,15:18:52,REAL,82.05
2026-08-31,15:18:53,REAL,66.86
2026-08-31,15:18:54,REAL,57.80
2026-08-31,15:20:21,REAL,77.00
2026-08-31,15:21:11,REAL,79.58
2026-08-31,19:17:43,FAKE,95.16
2026-08-31,19:17:47,FAKE,89.64
2026-08-31,19:17:48,REAL,87.49
2026-08-31,19:17:49,REAL,93.87
2026-08-31,19:17:50,REAL,95.51
2026-08-31,19:17:51,REAL,95.73
2026-08-31,19:17:52,REAL,95.41
2026-08-31,19:17:53,REAL,95.15
2026-08-31,19:17:54,REAL,95.15
2026-08-31,19:17:55,REAL,86.94
2026-08-31,19:17:56,UNCERTAIN,53.70
2026-08-31,19:17:57,UNCERTAIN,61.58
2026-08-31,19:17:58,REAL,91.34
2026-08-31,19:17:59,REAL,95.23
2026-08-31,19:18:00,REAL,95.93
2026-08-31,19:18:01,REAL,96.41
2026-08-31,19:18:02,REAL,96.55
2026-08-31,19:18:03,REAL,96.67
2026-08-31,19:18:04,REAL,96.82
2026-08-31,19:18:05,REAL,96.58
2026-08-31,19:18:06,REAL,96.28
2026-08-31,19:18:07,REAL,95.68
2026-08-31,19:18:08,REAL,95.36
2026-08-31,19:18:09,REAL,95.62
2026-08-31,19:18:10,REAL,95.93
2026-08-31,19:18:11,REAL,95.91
2026-08-31,19:18:12,REAL,95.33
2026-08-31,19:18:13,REAL,95.97
2026-08-31,19:18:14,REAL,95.32
2026-08-31,19:18:15,REAL,95.09
2026-08-31,19:18:16,REAL,95.08
2026-08-31,19:18:17,REAL,95.75
2026-08-31,19:18:18,REAL,95.96
2026-08-31,19:18:19,REAL,96.05
2026-08-31,19:18:20,REAL,95.97
2026-08-31,19:18:21,REAL,95.88
2026-08-31,19:18:22,REAL,95.72
2026-08-31,19:18:23,REAL,95.83
2026-08-31,19:18:24,REAL,96.27
2026-08-31,19:18:25,REAL,96.23
2026-08-31,19:18:26,REAL,95.97
2026-08-31,19:18:27,REAL,95.78
2026-08-31,19:18:28,REAL,95.90
2026-08-31,19:18:29,REAL,95.85
2026-08-31,19:18:30,REAL,95.95
2026-08-31,19:18:31,REAL,95.98
2026-08-31,19:18:32,REAL,96.40
2026-08-31,19:18:33,REAL,97.05
2026-08-31,19:18:34,REAL,97.42
2026-08-31,19:18:35,REAL,97.50
2026-08-31,19:18:36,REAL,97.54
2026-08-31,19:18:37,REAL,97.28
2026-08-31,19:18:38,REAL,96.93
2026-08-31,19:18:39,REAL,97.04
2026-08-31,19:18:40,REAL,96.27
2026-08-31,19:18:41,REAL,95.67
2026-08-31,19:18:42,REAL,95.12
2026-08-31,19:18:43,REAL,95.39
2026-08-31,19:18:44,REAL,95.16
2026-08-31,19:18:45,REAL,95.40
2026-08-31,19:18:46,REAL,95.41
2026-08-31,19:18:47,REAL,95.99
2026-08-31,19:18:48,REAL,96.06
2026-08-31,19:18:49,REAL,96.10
2026-08-31,19:18:50,REAL,96.58
2026-08-31,19:18:51,REAL,96.83
2026-08-31,19:18:52,REAL,97.04
2026-08-31,19:18:53,REAL,97.31
2026-08-31,19:18:54,REAL,97.18
2026-08-31,19:18:55,REAL,96.98
2026-08-31,19:18:56,REAL,96.68
2026-08-31,19:18:57,REAL,96.66
2026-08-31,19:18:58,REAL,92.32
2026-08-31,19:18:59,REAL,95.50
2026-08-31,19:19:00,REAL,95.58
2026-08-31,19:19:01,REAL,95.46
2026-08-31,19:19:02,REAL,95.10
2026-08-31,19:19:03,REAL,95.50
2026-08-31,19:19:04,REAL,96.20
2026-08-31,19:19:05,REAL,96.00
2026-08-31,19:19:06,REAL,96.04
2026-08-31,19:19:07,REAL,96.12
2026-08-31,19:19:08,REAL,95.93
2026-08-31,19:19:09,REAL,95.64
2026-08-31,19:19:10,REAL,95.86
2026-08-31,19:19:11,REAL,96.36
2026-08-31,19:19:12,REAL,96.03
2026-08-31,19:19:13,REAL,95.64
2026-08-31,19:19:14,REAL,95.36
2026-08-31,19:19:15,REAL,95.63
2026-08-31,19:19:16,REAL,96.20
2026-08-31,19:19:17,REAL,96.37
2026-08-31,19:19:18,REAL,95.42
2026-08-31,19:19:19,REAL,95.09
2026-08-31,19:19:20,REAL,92.94
2026-08-31,19:19:21,REAL,95.09
2026-08-31,19:19:22,REAL,95.33
2026-08-31,19:19:23,REAL,95.47
2026-08-31,19:19:24,REAL,95.35
2026-08-31,19:19:25,REAL,94.26
2026-08-31,19:19:26,REAL,92.52
2026-08-31,19:19:27,REAL,94.12
2026-08-31,19:19:28,REAL,95.26
2026-08-31,19:19:29,REAL,96.14
2026-08-31,19:19:30,REAL,96.54
2026-08-31,19:19:31,REAL,96.65
2026-08-31,19:19:32,REAL,96.79
2026-08-31,19:19:33,REAL,95.90
2026-08-31,19:19:34,REAL,92.72
2026-08-31,19:19:35,REAL,86.34
2026-08-31,19:19:36,REAL,94.59
2026-08-31,19:19:37,REAL,95.66
2026-08-31,19:19:38,REAL,95.86
2026-08-31,19:19:39,REAL,95.72
2026-08-31,19:19:40,REAL,95.90
2026-08-31,19:19:41,REAL,95.89
2026-08-31,19:19:42,REAL,95.93
2026-08-31,19:19:43,REAL,95.99
2026-08-31,19:19:44,REAL,96.33
2026-08-31,19:19:45,REAL,96.65
2026-08-31,19:19:46,REAL,96.63
2026-08-31,19:19:47,REAL,96.73
2026-08-31,19:19:48,REAL,96.79
2026-08-31,19:19:49,REAL,96.28
2026-08-31,19:19:50,REAL,96.21
2026-08-31,19:19:51,REAL,95.61
2026-08-31,19:19:52,REAL,95.81
2026-08-31,19:19:53,REAL,95.46
2026-08-31,19:19:54,REAL,95.49
2026-08-31,19:19:55,REAL,95.18
2026-08-31,19:19:56,REAL,96.11
2026-08-31,19:19:57,REAL,96.39
2026-08-31,19:19:58,REAL,96.54
2026-08-31,19:19:59,REAL,95.71
2026-08-31,19:20:00,REAL,95.13
2026-08-31,19:20:01,REAL,89.90
2026-08-31,19:20:02,REAL,92.00
2026-08-31,19:20:03,REAL,95.34
2026-08-31,19:20:04,REAL,96.03
2026-08-31,19:20:05,REAL,96.49
2026-08-31,19:20:06,REAL,95.63
2026-08-31,19:20:07,REAL,95.50
2026-08-31,19:20:08,REAL,95.43
2026-08-31,19:20:09,REAL,95.68
2026-08-31,19:20:10,REAL,95.73
2026-08-31,19:20:11,REAL,94.21
2026-08-31,19:20:12,REAL,90.92
2026-08-31,19:20:13,REAL,90.17
2026-08-31,19:20:14,REAL,92.94
2026-08-31,19:20:15,REAL,89.80
2026-08-31,19:20:16,REAL,89.76
2026-08-31,19:20:17,REAL,88.85
2026-08-31,19:20:18,REAL,89.41
2026-08-31,19:20:19,REAL,90.44
2026-08-31,19:20:20,REAL,93.81
2026-08-31,19:20:21,REAL,95.04
2026-08-31,19:20:22,REAL,95.14
2026-08-31,19:20:23,REAL,95.48
2026-08-31,19:20:24,REAL,95.89
2026-08-31,19:20:25,REAL,95.70
2026-08-31,19:20:26,REAL,95.27
2026-08-31,19:20:27,REAL,95.08
2026-08-31,19:20:28,REAL,95.01
2026-08-31,19:20:29,REAL,95.09
2026-08-31,19:20:30,REAL,95.71
2026-08-31,19:20:31,REAL,95.81
2026-08-31,19:20:32,REAL,95.92
2026-08-31,19:20:33,REAL,95.53
2026-08-31,19:20:34,REAL,95.17
2026-08-31,19:20:35,REAL,90.06
2026-08-31,19:20:36,REAL,88.64
2026-08-31,19:20:37,REAL,88.00
2026-08-31,19:20:38,REAL,94.33
2026-08-31,19:20:39,REAL,95.62
2026-08-31,19:20:40,REAL,93.84
2026-08-31,19:20:41,REAL,90.13
2026-08-31,19:20:42,REAL,86.60
2026-08-31,19:20:43,REAL,95.21
2026-08-31,19:20:44,REAL,94.49
2026-08-31,19:20:45,REAL,93.38
2026-08-31,19:20:46,REAL,95.48
2026-08-31,19:20:47,REAL,96.58
2026-08-31,19:20:48,REAL,97.06
2026-08-31,19:20:49,REAL,96.21
2026-08-31,19:20:50,UNCERTAIN,72.33
2026-08-31,19:20:51,REAL,91.26
2026-08-31,19:20:52,REAL,92.89
2026-08-31,19:20:53,REAL,95.68
2026-08-31,19:21:00,REAL,95.65
2026-08-31,19:21:03,REAL,98.13
2026-08-31,19:21:04,REAL,97.16
2026-08-31,19:21:05,REAL,96.35
2026-08-31,19:21:06,REAL,95.57
2026-08-31,19:21:07,REAL,95.34
2026-08-31,19:21:08,REAL,95.41
2026-08-31,19:21:09,REAL,95.70
2026-08-31,19:21:11,REAL,94.85
2026-08-31,19:21:12,REAL,95.46
2026-08-31,19:21:13,REAL,95.36
2026-08-31,19:21:14,REAL,95.28
2026-08-31,19:21:15,REAL,94.32
2026-08-31,19:21:16,REAL,95.07
2026-08-31,19:21:17,REAL,95.16
2026-08-31,19:21:18,REAL,95.34
2026-08-31,19:21:19,REAL,95.49
2026-08-31,19:21:20,REAL,95.24
2026-08-31,19:21:21,REAL,95.06
2026-08-31,19:21:22,REAL,95.85
2026-08-31,19:21:23,REAL,96.31
2026-08-31,19:21:24,REAL,96.02
2026-08-31,19:21:25,REAL,95.35
2026-08-31,19:21:26,REAL,91.85
2026-08-31,19:21:27,REAL,89.86
2026-08-31,19:21:28,REAL,90.39
2026-08-31,19:21:29,REAL,95.30
2026-08-31,19:21:30,REAL,96.08
2026-08-31,19:21:46,REAL,87.57
2026-08-31,19:22:02,REAL,86.95
2026-08-31,19:22:03,REAL,95.54
2026-08-31,19:22:04,REAL,95.04
2026-08-31,19:22:05,REAL,95.57
2026-08-31,19:22:06,REAL,93.94
2026-08-31,19:22:07,REAL,95.27
2026-08-31,19:22:08,REAL,95.82
2026-08-31,19:22:09,REAL,95.80
2026-08-31,19:22:10,REAL,95.18
2026-08-31,19:22:11,REAL,95.28
2026-08-31,19:22:12,REAL,95.89
2026-08-31,19:22:13,REAL,96.45
2026-08-31,19:22:14,REAL,96.63
2026-08-31,19:23:48,UNCERTAIN,64.84
2026-08-31,19:23:49,REAL,89.64
2026-08-31,19:23:50,REAL,95.30
2026-08-31,19:23:51,REAL,95.80
2026-08-31,19:23:52,REAL,96.28
2026-08-31,19:23:53,REAL,91.66
2026-08-31,19:23:54,REAL,95.65
2026-08-31,19:23:55,REAL,96.24
2026-08-31,19:23:56,REAL,96.50
2026-08-31,19:23:57,REAL,96.29
2026-08-31,19:23:58,REAL,95.99
2026-08-31,19:23:59,REAL,96.19
2026-08-31,19:24:00,REAL,96.40
2026-08-31,19:24:01,REAL,96.63
2026-08-31,19:24:02,REAL,96.69
2026-08-31,19:24:03,REAL,97.06
2026-08-31,19:24:04,REAL,96.64
2026-08-31,19:24:05,REAL,96.77
2026-08-31,19:24:06,REAL,96.97
2026-08-31,19:24:07,REAL,96.98
2026-08-31,19:24:08,REAL,96.82
2026-08-31,19:24:09,REAL,96.96
2026-08-31,19:24:10,REAL,97.11
2026-08-31,19:24:11,REAL,96.74
2026-08-31,19:24:12,REAL,96.35
2026-08-31,19:25:33,REAL,95.68
2026-08-31,19:43:21,REAL,95.68
2026-08-31,20:21:52,REAL,97.29
2026-08-31,20:21:53,REAL,96.48
2026-08-31,20:21:55,REAL,95.63
2026-08-31,20:21:56,REAL,96.69
2026-08-31,20:21:57,REAL,96.98
2026-08-31,20:21:58,REAL,96.77
2026-08-31,20:21:59,REAL,97.27
2026-08-31,20:22:00,REAL,95.77
2026-08-31,20:22:12,REAL,96.48
2026-08-31,20:22:13,REAL,97.27
2026-08-31,20:22:18,REAL,99.00
2026-08-31,20:22:19,REAL,95.43
2026-08-31,20:22:20,REAL,96.78
2026-08-31,20:22:21,REAL,96.03
2026-08-31,20:22:22,REAL,96.52
2026-08-31,20:22:23,REAL,97.14
2026-08-31,20:22:24,REAL,97.69
2026-08-31,20:22:25,REAL,97.97
2026-08-31,20:22:26,REAL,96.74
2026-08-31,20:22:27,REAL,96.02
2026-08-31,20:22:28,REAL,96.18
2026-08-31,20:22:29,REAL,96.29
2026-08-31,20:22:30,REAL,96.84
2026-08-31,20:22:31,REAL,96.68
2026-08-31,20:22:32,REAL,97.81
2026-08-31,20:22:33,REAL,97.97
2026-08-31,20:25:36,REAL,98.00
2026-08-31,20:25:37,REAL,98.03
2026-08-31,20:25:38,REAL,97.50
2026-08-31,20:25:39,REAL,97.26
2026-08-31,20:25:40,REAL,96.93
2026-08-31,20:25:41,REAL,96.04
2026-08-31,20:25:42,REAL,95.24
2026-08-31,20:25:43,REAL,95.31
2026-08-31,20:25:44,REAL,96.00
2026-08-31,20:25:45,REAL,95.76
2026-08-31,20:25:46,REAL,97.26
2026-08-31,20:25:47,REAL,97.46
2026-08-31,20:25:48,REAL,97.53
2026-08-31,20:25:49,REAL,97.44
2026-08-31,20:25:50,REAL,97.41
2026-08-31,20:25:51,REAL,97.22
2026-08-31,20:25:52,REAL,97.42
2026-08-31,20:25:53,REAL,96.87
2026-08-31,20:25:54,REAL,98.48
2026-08-31,20:25:55,REAL,98.60
2026-08-31,20:25:56,REAL,98.63
2026-08-31,20:25:57,REAL,98.55
2026-08-31,20:25:58,REAL,97.90
2026-08-31,20:25:59,REAL,97.18
2026-08-31,20:26:00,REAL,95.13
2026-08-31,20:26:01,REAL,96.57
2026-08-31,20:26:02,REAL,96.28
2026-08-31,20:26:03,REAL,96.52
2026-08-31,20:26:04,REAL,96.86
2026-08-31,20:26:05,REAL,97.35
2026-08-31,20:26:06,REAL,97.44
2026-08-31,20:26:07,REAL,97.62
2026-08-31,20:26:54,REAL,95.68
2026-08-31,20:33:10,REAL,97.81
2026-08-31,20:33:11,REAL,96.75
2026-08-31,20:33:12,REAL,96.53
2026-08-31,20:33:13,REAL,96.97
2026-08-31,20:33:14,REAL,96.63
2026-08-31,20:33:16,REAL,96.63
2026-08-31,20:33:17,REAL,96.61
2026-08-31,20:33:18,REAL,96.60
2026-08-31,20:33:19,REAL,95.78
2026-08-31,20:33:20,REAL,94.96
2026-08-31,20:33:21,REAL,97.87
2026-08-31,20:33:22,REAL,97.81
2026-08-31,20:33:23,REAL,97.91
2026-08-31,20:33:24,REAL,97.90
2026-08-31,20:33:25,REAL,97.95
2026-08-31,20:33:26,REAL,97.90
2026-08-31,20:33:27,REAL,97.63
2026-08-31,20:33:28,REAL,97.55
2026-08-31,20:33:29,FAKE,96.63
2026-08-31,20:33:36,FAKE,96.63
2026-08-31,20:33:37,FAKE,96.63
2026-08-31,20:33:38,FAKE,96.63
2026-08-31,20:33:39,FAKE,96.63
2026-08-31,20:33:40,FAKE,96.63
2026-08-31,20:33:41,FAKE,96.63
2026-08-31,20:33:42,FAKE,96.63
2026-08-31,20:33:43,FAKE,96.63
2026-08-31,20:33:44,REAL,96.73
2026-08-31,20:33:45,REAL,96.73
2026-08-31,20:33:46,REAL,96.73
2026-08-31,20:33:47,REAL,96.73
2026-08-31,20:33:50,REAL,96.73
2026-08-31,20:33:52,REAL,96.73
2026-08-31,20:33:56,REAL,96.73
2026-08-31,20:33:57,REAL,96.73
2026-08-31,20:33:58,REAL,96.73
2026-08-31,20:33:59,REAL,96.73
2026-08-31,20:34:00,REAL,96.73
2026-08-31,20:34:01,REAL,96.75
2026-08-31,20:34:02,REAL,96.53
2026-08-31,20:34:03,REAL,95.58
2026-08-31,20:34:04,REAL,95.70
2026-08-31,20:34:05,REAL,96.09
2026-08-31,20:34:06,REAL,96.57
2026-08-31,20:34:07,REAL,96.00
2026-08-31,20:34:08,REAL,95.69
2026-08-31,20:34:09,FAKE,85.13
2026-08-31,20:34:12,FAKE,85.13
2026-08-31,20:34:13,REAL,96.71
2026-08-31,20:34:14,REAL,98.35
2026-08-31,20:34:15,REAL,96.86
2026-08-31,20:34:16,REAL,95.97
2026-08-31,20:34:17,REAL,96.09
2026-08-31,20:34:18,REAL,96.35
2026-08-31,20:34:19,REAL,85.88
2026-08-31,20:34:20,REAL,85.88
2026-08-31,20:34:21,FAKE,96.06
2026-08-31,20:34:22,FAKE,95.85
2026-08-31,20:34:23,FAKE,94.47
2026-08-31,20:34:24,FAKE,88.06
2026-08-31,20:34:25,UNCERTAIN,71.80
2026-08-31,20:34:26,UNCERTAIN,79.46
2026-08-31,20:34:27,UNCERTAIN,50.52
2026-08-31,20:34:28,UNCERTAIN,78.44
2026-08-31,20:34:29,UNCERTAIN,68.91
2026-08-31,20:34:30,UNCERTAIN,66.07
2026-08-31,20:34:36,REAL,95.51
2026-08-31,20:34:37,REAL,97.50
2026-08-31,20:34:38,REAL,97.76
2026-08-31,20:34:39,REAL,96.42
2026-08-31,20:34:40,FAKE,96.91
2026-08-31,20:34:45,FAKE,88.64
2026-08-31,20:34:46,FAKE,93.05
2026-08-31,20:34:47,FAKE,94.95
2026-08-31,20:34:48,FAKE,95.11
2026-08-31,20:34:49,FAKE,91.55
2026-08-31,20:34:50,UNCERTAIN,59.65
2026-08-31,20:34:51,UNCERTAIN,76.41
2026-08-31,20:34:52,FAKE,85.13
2026-08-31,20:34:53,REAL,95.69
2026-08-31,20:34:54,REAL,97.01
2026-08-31,20:34:55,REAL,89.00
2026-08-31,20:34:56,REAL,96.04
2026-08-31,20:34:57,REAL,96.67
2026-08-31,20:34:58,REAL,97.10
2026-08-31,20:34:59,REAL,97.45
2026-08-31,20:35:32,REAL,95.37
2026-08-31,20:38:55,REAL,97.62
2026-08-31,20:38:57,REAL,97.32
2026-08-31,20:38:58,REAL,96.60
2026-08-31,20:39:04,REAL,97.52
2026-08-31,20:39:05,REAL,97.42
2026-08-31,20:39:06,FAKE,92.36
2026-08-31,20:39:17,UNCERTAIN,60.46
2026-08-31,20:39:18,FAKE,86.59
2026-08-31,20:39:19,UNCERTAIN,71.49
2026-08-31,20:39:20,UNCERTAIN,69.87
2026-08-31,20:39:21,FAKE,96.74
2026-08-31,20:39:22,FAKE,86.51
2026-08-31,20:39:23,UNCERTAIN,76.31
2026-08-31,20:39:24,UNCERTAIN,66.41
2026-08-31,20:39:25,REAL,93.10
2026-08-31,20:39:26,REAL,95.98
2026-08-31,20:39:27,REAL,89.73
2026-08-31,20:39:28,REAL,95.28
2026-08-31,20:39:29,FAKE,95.30
2026-08-31,20:39:30,FAKE,93.24
2026-08-31,20:42:39,REAL,95.05
2026-08-31,20:42:40,REAL,94.14
2026-08-31,20:42:41,REAL,95.48
2026-08-31,20:42:42,REAL,95.93
2026-08-31,20:42:43,REAL,96.07
2026-08-31,20:42:44,REAL,95.77
2026-08-31,20:42:45,REAL,95.40
2026-08-31,20:42:46,REAL,95.30
2026-08-31,20:42:47,REAL,94.85
2026-08-31,20:42:48,REAL,91.57
2026-08-31,20:42:49,REAL,88.76
2026-08-31,20:42:50,REAL,88.58
2026-08-31,20:42:51,REAL,89.01
2026-08-31,20:42:52,REAL,89.60
2026-08-31,20:42:53,REAL,90.10
2026-08-31,20:42:54,REAL,93.76
2026-08-31,20:42:55,REAL,95.29
2026-08-31,20:42:56,FAKE,91.79
2026-08-31,20:43:01,FAKE,85.09
2026-08-31,20:43:02,REAL,93.67
2026-08-31,20:43:03,REAL,95.37
2026-08-31,21:51:45,REAL,95.37
2026-08-31,21:54:06,REAL,96.61
2026-08-31,21:54:07,REAL,95.90
2026-08-31,21:54:08,REAL,95.69
2026-08-31,21:54:09,REAL,95.44
2026-08-31,21:54:10,REAL,95.36
2026-08-31,21:54:11,REAL,95.22
2026-08-31,21:54:12,REAL,95.16
2026-08-31,21:54:13,REAL,94.16
2026-08-31,21:54:14,REAL,94.40
2026-08-31,21:54:15,REAL,95.24
2026-08-31,21:54:16,REAL,95.45
2026-08-31,21:54:17,REAL,95.40
2026-08-31,21:54:18,REAL,95.56
2026-08-31,21:54:19,REAL,95.77
2026-08-31,21:54:20,REAL,95.73
2026-08-31,21:54:21,REAL,95.47
2026-08-31,21:54:22,REAL,95.38
2026-08-31,21:54:23,REAL,95.65
2026-08-31,21:54:24,REAL,96.24
2026-08-31,21:54:25,REAL,96.47
2026-08-31,21:54:26,REAL,96.52
2026-08-31,21:54:27,REAL,96.73
2026-08-31,21:54:28,REAL,96.75
2026-08-31,21:54:29,REAL,96.82
2026-08-31,21:54:30,REAL,96.84
2026-08-31,21:54:31,REAL,96.84
2026-08-31,21:54:32,REAL,96.67
2026-08-31,21:54:33,REAL,96.42
2026-08-31,21:54:34,REAL,96.01
2026-08-31,21:54:35,REAL,96.09
2026-08-31,21:54:36,REAL,96.17
2026-08-31,21:54:37,REAL,96.20
2026-08-31,21:54:38,REAL,96.32
2026-08-31,21:54:39,REAL,96.61
2026-08-31,21:54:40,REAL,96.57
2026-08-31,21:54:41,REAL,96.61
2026-08-31,21:54:42,REAL,96.67
2026-08-31,21:54:43,REAL,96.68
2026-08-31,21:54:44,REAL,96.61
2026-08-31,21:54:45,UNCERTAIN,61.44
2026-08-31,21:54:46,UNCERTAIN,54.15
2026-08-31,21:54:47,REAL,85.75
2026-08-31,21:54:48,REAL,85.05
2026-08-31,21:54:49,REAL,91.96
2026-08-31,21:54:50,REAL,88.68
2026-08-31,21:54:51,REAL,88.96
2026-08-31,21:54:52,REAL,90.29
2026-08-31,21:54:53,FAKE,91.71
2026-08-31,21:54:58,FAKE,88.54
2026-08-31,21:54:59,UNCERTAIN,84.63
2026-08-31,21:55:00,REAL,89.64
2026-08-31,21:55:01,REAL,95.04
2026-08-31,21:55:02,REAL,92.38
2026-08-31,21:55:03,REAL,94.05
2026-08-31,21:55:04,REAL,94.05
2026-08-31,21:55:05,REAL,86.72
2026-08-31,21:55:06,REAL,87.33
2026-08-31,21:55:07,REAL,87.33
2026-08-31,21:55:08,REAL,87.33
2026-08-31,21:55:09,REAL,87.33
2026-08-31,21:55:10,REAL,87.00
2026-08-31,21:55:11,REAL,88.72
2026-08-31,21:55:12,REAL,93.54
2026-08-31,21:55:13,REAL,95.61
2026-08-31,21:55:14,REAL,95.85
2026-08-31,21:55:15,REAL,95.89
2026-08-31,21:58:03,REAL,97.51
2026-08-31,21:58:04,REAL,96.91
2026-08-31,21:58:05,REAL,96.78
2026-08-31,21:58:06,REAL,96.59
2026-08-31,21:58:07,REAL,96.53
2026-08-31,21:58:08,REAL,96.27
2026-08-31,21:58:09,REAL,96.04
2026-08-31,21:58:10,REAL,95.55
2026-08-31,21:58:11,REAL,94.67
2026-08-31,21:58:12,REAL,95.29
2026-08-31,21:58:13,REAL,91.03
2026-08-31,21:58:14,REAL,89.34
2026-08-31,21:58:15,REAL,87.03
2026-08-31,21:58:16,REAL,93.82
2026-08-31,21:58:17,REAL,92.59
2026-08-31,21:58:18,REAL,92.15
2026-08-31,21:58:19,REAL,93.24
2026-08-31,21:58:20,REAL,95.36
2026-08-31,21:58:21,REAL,95.85
2026-08-31,21:58:22,REAL,96.24
2026-08-31,21:58:23,REAL,96.33
2026-08-31,21:58:24,REAL,96.54
2026-08-31,21:58:25,REAL,97.11
2026-08-31,21:58:26,REAL,96.60
2026-08-31,21:58:27,REAL,96.04
2026-08-31,21:58:28,REAL,95.62
2026-08-31,21:58:29,REAL,96.07
2026-08-31,21:58:30,REAL,96.34
2026-08-31,21:58:31,REAL,96.43
2026-08-31,21:58:32,REAL,96.10
2026-08-31,21:58:33,REAL,95.90
2026-08-31,21:58:34,REAL,95.87
2026-08-31,21:58:35,REAL,95.78
2026-08-31,21:58:36,REAL,95.69
2026-08-31,21:58:37,REAL,95.86
2026-08-31,21:58:38,REAL,96.10
2026-08-31,21:58:39,REAL,96.10
2026-08-31,21:58:40,REAL,96.19
2026-08-31,21:58:41,REAL,96.57
2026-08-31,21:58:42,REAL,96.56
2026-08-31,21:58:43,REAL,95.60
2026-08-31,21:58:44,REAL,95.34
2026-08-31,21:58:45,REAL,95.63
2026-08-31,21:58:46,REAL,95.68
2026-08-31,21:58:47,REAL,95.53
2026-08-31,21:58:48,REAL,95.34
2026-08-31,21:59:08,REAL,96.69
2026-08-31,21:59:09,REAL,95.26
2026-08-31,21:59:10,REAL,88.18
2026-08-31,21:59:11,REAL,87.61
2026-08-31,21:59:12,REAL,86.25
2026-08-31,21:59:13,REAL,92.42
2026-08-31,21:59:14,REAL,92.54
2026-08-31,21:59:15,REAL,95.42
2026-08-31,21:59:16,REAL,95.68
2026-08-31,21:59:17,REAL,95.55
2026-08-31,21:59:18,REAL,92.00
2026-08-31,21:59:19,UNCERTAIN,78.40
2026-08-31,21:59:20,REAL,87.02
2026-08-31,21:59:21,REAL,95.09
2026-08-31,21:59:22,REAL,96.61
2026-08-31,21:59:23,REAL,96.44
2026-08-31,21:59:24,REAL,95.82
2026-08-31,21:59:25,REAL,95.70
2026-08-31,21:59:26,REAL,96.54
2026-08-31,21:59:27,REAL,96.04
2026-08-31,21:59:28,REAL,95.17
2026-08-31,21:59:29,UNCERTAIN,80.93
2026-08-31,21:59:30,FAKE,85.04
2026-08-31,21:59:35,UNCERTAIN,71.12
2026-08-31,21:59:36,REAL,85.59
2026-08-31,21:59:37,REAL,95.02
2026-08-31,21:59:38,REAL,95.68
2026-08-31,21:59:39,REAL,92.59
2026-08-31,21:59:40,REAL,88.55
2026-08-31,21:59:41,REAL,89.68
2026-08-31,21:59:42,REAL,95.17
2026-08-31,21:59:43,REAL,96.22
2026-08-31,21:59:44,REAL,96.64
2026-08-31,21:59:45,REAL,96.63
2026-08-31,21:59:46,REAL,96.44
2026-08-31,21:59:47,FAKE,97.71
2026-08-31,21:59:48,FAKE,97.26
2026-08-31,21:59:49,FAKE,98.07
2026-08-31,21:59:50,FAKE,95.45
2026-08-31,21:59:51,REAL,89.41
2026-08-31,21:59:52,FAKE,95.11
2026-08-31,21:59:53,FAKE,88.28
2026-08-31,21:59:54,UNCERTAIN,55.55
2026-08-31,21:59:55,UNCERTAIN,83.39
2026-08-31,21:59:56,REAL,86.28
2026-08-31,21:59:57,REAL,86.68
2026-08-31,21:59:58,REAL,92.64
2026-08-31,21:59:59,FAKE,97.63
2026-08-31,22:00:00,FAKE,95.00
2026-08-31,22:00:01,FAKE,98.11
2026-08-31,22:00:02,FAKE,98.47
2026-08-31,22:00:03,FAKE,88.76
2026-08-31,22:00:04,UNCERTAIN,70.63
2026-08-31,22:00:05,FAKE,85.85
2026-08-31,22:00:11,UNCERTAIN,65.58
2026-08-31,22:00:12,REAL,87.53
2026-08-31,22:00:13,REAL,95.56
2026-09-01,09:14:04,REAL,98.11
2026-09-01,09:14:05,REAL,95.11
2026-09-01,09:14:06,REAL,91.26
2026-09-01,09:14:07,REAL,93.41
2026-09-01,09:14:08,REAL,89.14
2026-09-01,09:14:09,REAL,88.12
2026-09-01,09:14:10,UNCERTAIN,51.72
2026-09-01,09:14:11,FAKE,87.74
2026-09-01,09:14:17,FAKE,89.77
2026-09-01,09:14:18,FAKE,89.38
2026-09-01,09:14:19,FAKE,85.71
2026-09-01,09:14:20,REAL,96.73
2026-09-01,09:14:21,REAL,96.73
2026-09-01,09:14:22,REAL,96.73
2026-09-01,09:14:23,REAL,96.73
2026-09-01,09:14:24,REAL,96.73
2026-09-01,09:14:25,REAL,96.73
2026-09-01,09:14:26,REAL,96.73
2026-09-01,09:14:27,REAL,96.73
2026-09-01,09:14:28,REAL,96.73
2026-09-01,09:14:29,REAL,96.73
2026-09-01,09:14:30,REAL,96.73
2026-09-01,09:14:31,REAL,96.73
2026-09-01,09:14:32,REAL,96.73
2026-09-01,09:14:33,REAL,96.73
2026-09-01,09:14:34,REAL,96.73
2026-09-01,09:14:35,REAL,96.73
2026-09-01,09:14:36,REAL,96.73
2026-09-01,09:14:37,REAL,96.73
2026-09-01,09:14:38,REAL,96.73
2026-09-01,09:14:39,REAL,96.73
2026-09-01,09:14:40,REAL,96.73
2026-09-01,09:14:41,REAL,96.73
2026-09-01,09:14:42,REAL,96.73
2026-09-01,09:14:43,REAL,96.73
2026-09-01,09:14:44,REAL,96.73
2026-09-01,09:14:45,REAL,96.73
2026-09-01,09:14:46,REAL,96.73
2026-09-01,09:14:47,REAL,96.73
2026-09-01,09:21:14,REAL,96.19
2026-09-01,09:21:15,REAL,95.15
2026-09-01,09:21:16,REAL,95.07
2026-09-01,09:21:17,REAL,95.10
2026-09-01,09:21:18,REAL,93.99
2026-09-01,09:21:19,REAL,93.89
2026-09-01,09:21:20,REAL,95.67
2026-09-01,09:21:21,REAL,96.61
2026-09-01,09:21:22,REAL,96.93
2026-09-01,09:21:23,REAL,95.76
2026-09-01,09:21:24,REAL,93.07
2026-09-01,09:21:25,REAL,88.06
2026-09-01,09:21:26,REAL,87.57
2026-09-01,09:21:27,UNCERTAIN,81.67
2026-09-01,09:21:28,REAL,88.42
2026-09-01,09:21:29,REAL,87.80
2026-09-01,09:21:30,REAL,91.88
2026-09-01,09:21:31,UNCERTAIN,68.98
2026-09-01,09:21:32,FAKE,85.79
2026-09-01,09:21:36,FAKE,86.72
2026-09-01,09:21:37,FAKE,85.39
2026-09-01,09:21:38,REAL,88.25
2026-09-01,09:21:39,REAL,92.20
2026-09-01,09:21:40,REAL,90.71
2026-09-01,09:21:41,REAL,87.52
2026-09-01,09:21:42,REAL,87.35
2026-09-01,09:21:43,REAL,85.04
2026-09-01,09:21:44,UNCERTAIN,58.85
2026-09-01,09:21:45,FAKE,89.07
2026-09-01,09:21:46,FAKE,91.92
2026-09-01,09:21:47,FAKE,86.51
2026-09-01,09:21:48,UNCERTAIN,59.30
2026-09-01,09:21:49,REAL,85.60
2026-09-01,09:21:50,UNCERTAIN,82.23
2026-09-01,09:21:51,UNCERTAIN,83.06
2026-09-01,09:21:52,REAL,89.23
2026-09-01,09:21:53,REAL,90.36
2026-09-01,09:21:54,REAL,89.03
2026-09-01,09:21:55,REAL,86.94
2026-09-01,09:21:56,REAL,85.31
2026-09-01,09:21:57,REAL,85.90
2026-09-01,09:21:58,REAL,85.10
2026-09-01,09:21:59,UNCERTAIN,78.24
2026-09-01,09:22:00,UNCERTAIN,56.29
2026-09-01,09:22:01,UNCERTAIN,53.13
2026-09-01,09:22:02,UNCERTAIN,50.37
2026-09-01,09:22:03,UNCERTAIN,58.47
2026-09-01,09:22:04,UNCERTAIN,54.45
2026-09-01,09:22:05,FAKE,85.44
2026-09-01,09:22:10,UNCERTAIN,82.44
2026-09-01,09:22:11,UNCERTAIN,71.21
2026-09-01,09:22:12,REAL,87.44
2026-09-01,09:22:13,UNCERTAIN,65.78
2026-09-01,09:22:14,UNCERTAIN,53.54
2026-09-01,09:22:15,REAL,96.50
2026-09-01,09:22:16,REAL,95.39
2026-09-01,09:22:17,REAL,96.22
2026-09-01,09:22:18,REAL,95.68
2026-09-01,09:22:19,REAL,93.10
2026-09-01,09:22:20,REAL,87.85
2026-09-01,09:22:21,REAL,88.18
2026-09-01,09:22:22,REAL,87.91
2026-09-01,09:22:23,FAKE,86.68
2026-09-01,09:22:24,FAKE,85.54
2026-09-01,09:22:25,UNCERTAIN,79.81
2026-09-01,09:22:26,REAL,87.04
2026-09-01,09:22:27,REAL,93.02
2026-09-01,09:22:28,REAL,95.67
2026-09-01,09:22:29,REAL,95.27
2026-09-01,09:22:30,REAL,93.73
2026-09-01,09:22:31,REAL,88.23
2026-09-01,09:22:32,REAL,88.49
2026-09-01,09:22:33,REAL,95.16
2026-09-01,09:22:34,REAL,95.45
2026-09-01,09:22:35,REAL,95.70
2026-09-01,09:22:36,REAL,96.00
2026-09-01,09:23:38,REAL,95.37
2026-09-01,09:25:25,FAKE,88.33
2026-09-01,14:35:55,REAL,85.73
2026-09-01,14:35:56,REAL,92.75
2026-09-01,14:35:57,REAL,89.99
2026-09-01,14:35:58,REAL,85.21
2026-09-01,14:35:59,UNCERTAIN,84.93
2026-09-01,14:36:00,UNCERTAIN,76.04
2026-09-01,14:36:01,UNCERTAIN,62.55
2026-09-01,14:36:02,UNCERTAIN,56.91
2026-09-01,14:36:03,FAKE,86.96
2026-09-01,14:36:08,FAKE,87.18
2026-09-01,14:36:09,FAKE,87.16
2026-09-01,14:36:10,FAKE,86.16
2026-09-01,14:36:11,UNCERTAIN,57.45
2026-09-01,14:36:12,REAL,85.49
2026-09-01,14:36:13,REAL,89.95
2026-09-01,14:36:14,REAL,87.56
2026-09-01,14:36:15,REAL,85.57
2026-09-01,14:36:16,UNCERTAIN,68.42
2026-09-01,14:36:17,REAL,85.82
2026-09-01,14:36:18,UNCERTAIN,63.98
2026-09-01,14:36:19,UNCERTAIN,62.61
2026-09-01,14:36:20,UNCERTAIN,66.69
2026-09-01,14:36:21,UNCERTAIN,61.34
2026-09-01,14:36:22,UNCERTAIN,72.22
2026-09-01,14:36:23,REAL,86.40
2026-09-01,14:36:24,REAL,87.31
2026-09-01,14:36:25,REAL,91.43
2026-09-01,14:36:26,REAL,95.51
2026-09-01,14:36:27,REAL,96.37
2026-09-01,14:36:28,REAL,96.72
2026-09-01,14:36:29,REAL,96.51
2026-09-01,14:36:30,REAL,96.49
2026-09-01,14:36:31,REAL,96.38
2026-09-01,14:36:32,REAL,96.48
2026-09-01,14:36:33,REAL,96.54
2026-09-01,14:36:34,REAL,96.45
2026-09-01,14:36:35,REAL,96.49
2026-09-01,14:36:36,REAL,93.14
2026-09-01,14:36:37,REAL,86.36
2026-09-01,14:36:38,UNCERTAIN,68.34
2026-09-01,14:36:39,REAL,85.58
2026-09-01,14:36:40,FAKE,90.92
2026-09-01,14:36:44,REAL,85.60
2026-09-01,14:36:45,REAL,90.43
2026-09-01,14:36:46,REAL,95.24
2026-09-01,14:36:47,REAL,86.13
2026-09-01,14:36:48,UNCERTAIN,73.85
2026-09-01,14:36:49,UNCERTAIN,62.88
2026-09-01,14:36:50,REAL,93.16
2026-09-01,14:36:51,REAL,95.34
2026-09-01,14:36:52,REAL,95.48
2026-09-01,14:36:53,REAL,95.51
2026-09-01,14:37:29,REAL,97.48
2026-09-01,14:37:30,REAL,92.25
2026-09-01,14:37:31,FAKE,86.22
2026-09-01,14:37:36,FAKE,86.22
2026-09-01,14:37:37,REAL,85.97
2026-09-01,14:37:38,REAL,91.85
2026-09-01,14:37:39,REAL,96.33
2026-09-01,14:37:40,REAL,95.78
2026-09-01,14:37:41,REAL,94.12
2026-09-01,14:37:42,REAL,86.00
2026-09-01,14:37:43,UNCERTAIN,52.21
2026-09-01,14:37:44,UNCERTAIN,72.42
2026-09-01,14:37:45,UNCERTAIN,76.54
2026-09-01,14:37:46,UNCERTAIN,73.47
2026-09-01,14:37:47,REAL,85.17
2026-09-01,14:37:48,UNCERTAIN,54.68
2026-09-01,14:37:49,FAKE,86.75
2026-09-01,14:37:50,UNCERTAIN,51.72
2026-09-01,14:37:51,UNCERTAIN,71.65
2026-09-01,14:37:52,REAL,88.97
2026-09-01,14:37:53,REAL,90.40
2026-09-01,14:37:54,REAL,91.37
2026-09-01,14:37:55,REAL,86.92
2026-09-01,14:37:56,REAL,86.16
2026-09-01,14:37:57,FAKE,88.60
2026-09-01,14:37:58,FAKE,88.89
2026-09-01,14:37:59,REAL,87.38
2026-09-01,14:38:00,REAL,95.45
2026-09-01,14:38:01,REAL,95.73
2026-09-01,14:38:02,REAL,93.79
2026-09-01,14:38:03,REAL,86.12
2026-09-01,14:38:04,FAKE,86.55
2026-09-01,14:38:09,FAKE,86.63
2026-09-01,14:38:10,REAL,86.71
2026-09-01,14:38:11,REAL,92.63
2026-09-01,14:38:12,REAL,95.89
2026-09-01,14:38:13,REAL,95.82
2026-09-01,14:38:14,REAL,95.95
2026-09-01,14:38:15,REAL,95.74
2026-09-01,14:38:16,REAL,92.52
2026-09-01,14:38:17,REAL,91.40
2026-09-01,14:38:18,REAL,95.70
2026-09-01,14:38:19,REAL,95.11
2026-09-01,14:38:20,FAKE,90.44
2026-09-01,14:38:21,REAL,92.04
2026-09-01,14:38:22,REAL,90.20
2026-09-01,14:38:23,REAL,87.36
2026-09-01,14:38:24,FAKE,96.63
2026-09-01,14:38:25,FAKE,96.63
2026-09-01,14:38:26,FAKE,96.63
2026-09-01,14:38:27,FAKE,96.63
2026-09-01,14:38:28,FAKE,96.63
2026-09-01,14:38:29,FAKE,96.63
2026-09-01,14:38:30,FAKE,96.63
2026-09-01,14:38:31,REAL,96.73
2026-09-01,14:38:32,REAL,96.73
2026-09-01,14:38:33,REAL,96.73
2026-09-01,14:38:34,REAL,96.73
2026-09-01,14:38:35,REAL,96.73
2026-09-01,14:38:36,REAL,96.73
2026-09-01,14:38:37,REAL,96.43
2026-09-01,14:38:38,REAL,96.02
2026-09-01,14:38:39,REAL,95.16
2026-09-01,14:38:40,REAL,93.81
2026-09-01,14:38:41,FAKE,96.63
2026-09-01,14:38:47,FAKE,96.63
2026-09-01,14:38:48,FAKE,96.63
2026-09-01,14:38:49,FAKE,96.63
2026-09-01,14:38:50,FAKE,96.63
2026-09-01,14:38:51,FAKE,96.63
2026-09-01,14:38:52,FAKE,96.63
2026-09-01,14:38:53,FAKE,96.63
2026-09-01,14:38:54,FAKE,96.63
2026-09-01,14:38:55,FAKE,96.63
2026-09-01,14:38:56,REAL,96.73
2026-09-01,14:38:57,REAL,96.73
2026-09-01,14:38:58,REAL,96.73
2026-09-01,14:38:59,REAL,96.73
2026-09-01,14:39:00,REAL,96.73
2026-09-01,14:39:01,REAL,96.73
2026-09-01,14:39:02,REAL,96.73
2026-09-01,14:39:03,REAL,96.73
2026-09-01,14:39:04,REAL,96.57
2026-09-01,14:39:05,REAL,96.10
2026-09-01,14:39:06,REAL,95.70
2026-09-01,14:39:07,REAL,95.56
2026-09-01,14:39:08,REAL,96.09
2026-09-01,14:39:09,REAL,96.04
2026-09-01,14:39:10,REAL,95.68
2026-09-01,14:39:11,REAL,95.53
2026-09-01,14:39:12,REAL,95.57
2026-09-01,14:39:13,REAL,95.51
2026-09-01,14:39:14,REAL,95.11
2026-09-01,14:39:15,REAL,95.05
2026-09-01,14:39:16,REAL,95.59
2026-09-01,14:39:17,REAL,95.88
2026-09-01,14:39:18,REAL,95.95
2026-09-01,14:39:19,REAL,95.92
2026-09-01,14:39:20,REAL,96.31
2026-09-01,14:39:21,REAL,96.12
2026-09-01,14:39:22,REAL,95.43
2026-09-01,14:39:23,REAL,95.01
2026-09-01,14:39:24,REAL,91.29
2026-09-01,14:39:25,REAL,88.62
2026-09-01,14:39:26,REAL,85.45
2026-09-01,14:39:27,UNCERTAIN,55.08
2026-09-01,14:39:28,FAKE,86.17
2026-09-01,14:39:33,FAKE,85.56
2026-09-01,14:39:34,UNCERTAIN,71.24
2026-09-01,14:39:35,REAL,87.54
2026-09-01,14:39:36,REAL,95.10
2026-09-01,14:39:37,REAL,95.18
2026-09-01,14:39:38,REAL,95.28
2026-09-01,14:39:39,REAL,95.61
2026-09-01,14:39:40,FAKE,96.63
2026-09-01,14:39:41,FAKE,96.63
2026-09-01,14:39:42,FAKE,96.63
2026-09-01,14:39:43,FAKE,96.63
2026-09-01,14:39:44,FAKE,96.63
2026-09-01,14:39:45,FAKE,96.63
2026-09-01,14:39:46,FAKE,96.63
2026-09-01,14:39:47,FAKE,96.63
2026-09-01,14:39:48,FAKE,96.63
2026-09-01,14:40:24,REAL,95.50
2026-09-01,14:40:25,UNCERTAIN,80.27
2026-09-01,14:40:26,UNCERTAIN,79.38
2026-09-01,14:40:27,UNCERTAIN,76.84
2026-09-01,14:40:28,UNCERTAIN,82.73
2026-09-01,14:40:29,REAL,86.98
2026-09-01,14:40:30,REAL,87.63
2026-09-01,14:40:31,REAL,86.30
2026-09-01,14:40:32,REAL,86.72
2026-09-01,14:40:33,UNCERTAIN,68.38
2026-09-01,14:40:34,REAL,95.86
2026-09-01,14:40:35,REAL,95.60
2026-09-01,14:40:36,REAL,96.73
2026-09-01,14:40:37,REAL,96.73
2026-09-01,14:40:38,FAKE,96.63
2026-09-01,14:40:43,FAKE,96.63
2026-09-01,14:40:44,REAL,96.73
2026-09-01,14:40:45,REAL,96.73
2026-09-01,14:40:46,REAL,96.73
2026-09-01,14:40:47,REAL,96.73
2026-09-01,14:40:48,REAL,96.73
2026-09-01,14:40:49,REAL,96.73
2026-09-01,14:40:50,REAL,96.73
2026-09-01,14:40:51,REAL,96.73
2026-09-01,14:40:52,REAL,96.73
2026-09-01,14:40:53,REAL,96.73
2026-09-01,14:40:54,REAL,96.73
2026-09-01,14:40:55,REAL,96.73
2026-09-01,14:40:56,REAL,96.73
2026-09-01,14:40:57,REAL,96.73
2026-09-01,14:40:58,REAL,96.73
2026-09-01,14:40:59,REAL,96.73
2026-09-01,14:41:00,REAL,96.74
2026-09-01,14:41:01,REAL,96.54
2026-09-01,14:41:02,REAL,95.91
2026-09-01,14:41:05,FAKE,93.60
2026-09-01,14:41:06,FAKE,92.18
2026-09-01,14:41:07,REAL,91.36
2026-09-01,14:41:13,REAL,85.57
2026-09-01,14:41:14,FAKE,96.12
2026-09-01,14:41:21,FAKE,95.58
2026-09-01,14:41:22,FAKE,91.99
2026-09-01,14:41:23,FAKE,86.80
2026-09-01,14:41:24,REAL,96.73
2026-09-01,14:41:25,REAL,96.73
2026-09-01,14:41:26,REAL,96.73
2026-09-01,14:41:27,REAL,96.73
2026-09-01,14:41:28,REAL,96.73
2026-09-01,14:41:29,REAL,96.73
2026-09-01,14:41:30,REAL,96.73
2026-09-01,14:41:31,REAL,96.73
2026-09-01,14:42:08,REAL,93.88
2026-09-01,14:42:09,UNCERTAIN,83.67
2026-09-01,14:42:10,REAL,91.53
2026-09-01,14:42:11,REAL,89.58
2026-09-01,14:42:12,UNCERTAIN,83.22
2026-09-01,14:42:13,REAL,98.07
2026-09-01,14:42:14,REAL,97.37
2026-09-01,14:42:15,FAKE,95.02
2026-09-01,14:42:22,FAKE,95.47
2026-09-01,14:42:23,FAKE,95.07
2026-09-01,14:42:24,FAKE,96.60
2026-09-01,14:42:25,FAKE,92.52
2026-09-01,14:42:26,REAL,86.33
2026-09-01,14:42:27,REAL,95.43
2026-09-01,14:42:28,REAL,92.72
2026-09-01,14:42:29,REAL,91.01
2026-09-01,14:42:30,UNCERTAIN,81.43
2026-09-01,14:42:31,UNCERTAIN,57.50
2026-09-01,14:42:32,REAL,96.73
2026-09-01,14:42:33,REAL,96.73
2026-09-01,14:42:34,REAL,96.73
2026-09-01,14:42:35,REAL,96.73
2026-09-01,14:42:37,REAL,96.73
2026-09-01,14:42:38,REAL,96.73
2026-09-01,14:42:39,REAL,96.73
2026-09-01,14:42:40,REAL,96.73
2026-09-01,14:42:41,REAL,96.73
2026-09-01,14:42:42,REAL,96.73
2026-09-01,14:42:43,REAL,96.73
2026-09-01,14:42:44,REAL,96.73
2026-09-01,14:42:45,REAL,96.73
2026-09-01,14:42:46,REAL,96.73
2026-09-01,14:42:47,REAL,96.73
2026-09-01,14:42:48,REAL,96.73
2026-09-01,14:42:49,REAL,96.73
2026-09-01,14:42:50,REAL,96.73
2026-09-01,14:42:51,REAL,96.73
2026-09-01,14:42:52,REAL,96.73
2026-09-01,14:42:53,REAL,96.73
2026-09-01,14:42:54,REAL,96.73
2026-09-01,14:42:55,REAL,96.73
2026-09-01,14:42:56,REAL,96.73
2026-09-01,14:42:57,REAL,96.73
2026-09-01,14:42:58,REAL,96.73
2026-09-01,14:42:59,REAL,96.73
2026-09-01,14:43:00,REAL,96.73
2026-09-01,14:43:01,REAL,96.73
2026-09-01,14:43:02,REAL,96.73
2026-09-01,14:43:03,REAL,96.73
2026-09-01,14:43:04,REAL,96.73
2026-09-01,14:43:05,FAKE,96.63
2026-09-01,14:43:09,REAL,96.73
2026-09-01,14:43:10,REAL,96.73
2026-09-01,14:43:11,REAL,96.73
2026-09-01,14:43:12,REAL,96.73
2026-09-01,14:43:13,FAKE,96.63
2026-09-01,14:43:14,FAKE,96.63
2026-09-01,14:43:15,FAKE,96.63
2026-09-01,14:43:16,FAKE,96.63
2026-09-01,14:43:17,FAKE,96.63
2026-09-01,14:43:18,FAKE,96.63
2026-09-01,14:43:19,FAKE,96.63
2026-09-01,14:43:20,FAKE,96.63
2026-09-01,14:43:21,FAKE,96.63
2026-09-01,14:43:22,FAKE,96.63
2026-09-01,14:43:23,FAKE,96.63
2026-09-01,14:43:24,FAKE,96.63
2026-09-01,14:43:25,FAKE,96.63
2026-09-01,14:43:26,FAKE,96.63
2026-09-01,14:43:27,FAKE,96.63
2026-09-01,14:43:28,FAKE,96.63
2026-09-01,14:43:29,FAKE,96.63
2026-09-01,14:43:30,REAL,96.73
2026-09-01,14:43:31,REAL,96.73
2026-09-01,14:43:32,REAL,96.73
2026-09-01,14:43:33,REAL,96.73
2026-09-01,14:43:34,REAL,96.73
2026-09-01,14:43:35,REAL,96.73
2026-09-01,14:43:36,REAL,96.73
2026-09-01,14:43:37,REAL,96.73
2026-09-01,14:43:38,REAL,96.73
2026-09-01,14:43:39,REAL,96.73
2026-09-01,14:43:40,REAL,96.73
2026-09-01,14:43:41,REAL,96.73
2026-09-01,14:43:42,REAL,96.73
2026-09-01,14:43:43,REAL,96.73
2026-09-01,14:43:44,REAL,96.73
2026-09-01,14:43:45,REAL,96.73
2026-09-01,14:43:46,REAL,96.73
2026-09-01,14:43:47,REAL,96.73
2026-09-01,14:43:48,REAL,96.73
2026-09-01,14:44:36,REAL,95.68
2026-09-01,14:47:15,FAKE,88.33
2026-09-01,18:53:42,REAL,96.46
2026-09-01,18:53:43,REAL,95.90
2026-09-01,18:53:44,REAL,95.70
2026-09-01,18:53:45,REAL,95.38
2026-09-01,18:53:46,UNCERTAIN,75.19
2026-09-01,18:53:47,REAL,85.83
2026-09-01,18:53:48,REAL,91.37
2026-09-01,18:53:49,REAL,95.95
2026-09-01,18:53:50,REAL,96.35
2026-09-01,18:53:51,REAL,95.74
2026-09-01,18:53:52,FAKE,96.14
2026-09-01,18:53:56,UNCERTAIN,61.40
2026-09-01,18:53:57,REAL,95.69
2026-09-01,18:53:58,REAL,96.04
2026-09-01,18:53:59,REAL,96.55
2026-09-01,18:54:00,REAL,96.41
2026-09-01,18:54:01,REAL,96.45
2026-09-01,18:54:02,REAL,96.51
2026-09-01,18:54:03,REAL,96.44
2026-09-01,18:54:04,REAL,96.54
2026-09-01,18:54:05,REAL,96.46
2026-09-01,18:54:06,REAL,96.83
2026-09-01,18:54:07,REAL,95.10
2026-09-01,18:54:08,FAKE,95.20
2026-09-01,18:54:09,REAL,95.51
2026-09-01,18:54:10,REAL,96.07
2026-09-01,18:54:11,REAL,96.48
2026-09-01,18:54:12,REAL,96.66
2026-09-01,18:54:13,REAL,96.74
2026-09-01,19:14:31,AUDIO-REAL,96.09
2026-09-01,19:15:00,AUDIO-FAKE,97.57
2026-09-01,19:23:20,REAL,94.86
2026-09-01,19:26:14,REAL,95.64
2026-09-01,19:26:32,REAL,91.53
2026-09-01,19:26:43,REAL,95.41
2026-09-01,19:27:55,REAL,94.29
2026-09-01,19:34:17,REAL,93.51
2026-09-01,19:34:48,REAL,90.48
2026-09-01,19:35:11,UNCERTAIN,56.73
2026-09-01,19:35:16,REAL,88.17
2026-09-01,19:35:46,REAL,92.61
2026-09-01,19:36:16,REAL,94.08
2026-09-01,19:36:46,REAL,93.52
2026-09-01,19:42:10,REAL,93.51
2026-09-01,19:42:40,REAL,92.42
2026-09-01,19:43:10,REAL,93.55
2026-09-01,19:48:12,REAL,98.49
2026-09-01,19:58:54,REAL,90.13
2026-09-01,19:59:22,REAL,98.49
2026-09-01,19:59:36,REAL,92.59
2026-09-01,20:14:35,REAL,92.72
2026-09-01,20:24:51,REAL,91.14
2026-09-01,20:25:12,UNCERTAIN,66.52
2026-09-02,12:08:47,REAL,91.14
2026-09-02,12:08:49,REAL,90.98
2026-09-02,12:09:11,UNCERTAIN,64.93
2026-09-02,12:11:15,AUDIO-REAL,95.92
2026-09-02,12:11:52,AUDIO-FAKE,97.12
2026-09-02,12:42:29,REAL,90.64
2026-09-02,12:43:00,REAL,91.10
2026-09-02,12:44:24,UNCERTAIN,68.52
2026-09-02,12:44:25,REAL,88.85
2026-09-02,12:44:55,REAL,91.04
2026-09-02,12:45:03,UNCERTAIN,56.18
2026-09-02,12:45:04,FAKE,94.10
2026-09-02,19:58:31,UNCERTAIN,74.48
2026-09-02,19:58:34,REAL,88.01
2026-09-02,19:58:36,UNCERTAIN,70.96
2026-09-02,19:58:43,REAL,89.93
2026-09-02,20:10:44,REAL,97.39
2026-09-02,20:11:12,REAL,92.47
2026-09-02,20:11:14,FAKE,94.74
2026-09-02,20:11:19,REAL,89.59
2026-09-02,20:29:34,REAL,90.22
2026-09-02,20:30:03,REAL,92.53
2026-09-02,20:30:22,REAL,90.07
2026-09-02,21:01:46,UNCERTAIN,57.02
2026-09-02,21:02:04,REAL,90.25
2026-09-02,21:02:58,AUDIO-FAKE,97.24
2026-09-02,21:03:58,FAKE,99.56
2026-09-02,21:04:20,FAKE,99.56
2026-09-02,21:04:44,FAKE,94.11
2026-09-02,21:05:06,FAKE,99.56
2026-09-02,23:09:09,REAL,91.34
2026-09-02,23:09:11,UNCERTAIN,61.67
2026-09-02,23:09:11,FAKE,90.38
2026-09-02,23:09:16,UNCERTAIN,55.40
2026-09-02,23:09:19,FAKE,88.06
2026-09-02,23:09:20,UNCERTAIN,62.77
2026-09-02,23:09:20,REAL,88.07
2026-09-02,23:09:21,UNCERTAIN,63.44
2026-09-02,23:09:21,REAL,89.57
2026-09-02,23:09:38,UNCERTAIN,59.72
2026-09-02,23:09:39,FAKE,89.46
2026-09-02,23:09:42,UNCERTAIN,57.86
2026-09-02,23:09:42,REAL,88.89
2026-09-02,23:10:01,UNCERTAIN,59.25
2026-09-02,23:10:02,REAL,89.29
2026-09-03,14:44:15,FAKE,99.55
2026-09-03,14:44:22,UNCERTAIN,62.84
2026-09-03,14:44:22,REAL,88.62
2026-09-03,14:44:23,FAKE,92.85
2026-09-03,14:44:24,REAL,92.64
2026-09-03,14:44:38,FAKE,93.96
2026-09-03,14:44:40,REAL,90.67
2026-09-03,14:45:03,FAKE,96.11
2026-09-03,14:45:08,UNCERTAIN,56.00
2026-09-03,14:45:08,REAL,90.67
2026-09-03,14:46:13,REAL,90.29
2026-09-03,14:46:36,UNCERTAIN,55.35
2026-09-03,14:46:44,UNCERTAIN,54.87
2026-09-03,14:46:56,UNCERTAIN,54.41
2026-09-03,14:48:05,FAKE,99.56
2026-09-03,14:49:08,AUDIO-FAKE,95.95
2026-09-03,14:49:34,AUDIO-REAL,95.67
2026-09-03,14:59:39,REAL,90.74
2026-09-03,14:59:40,FAKE,90.66
2026-09-03,15:17:50,REAL,89.84
2026-09-03,15:18:18,REAL,97.40
2026-09-03,15:18:19,FAKE,96.80
2026-09-03,15:18:26,REAL,97.40
2026-09-03,15:18:39,FAKE,96.80
2026-09-03,15:18:43,REAL,97.40
2026-09-03,15:18:44,FAKE,96.80
2026-09-03,15:18:44,REAL,97.40
2026-09-03,15:18:56,UNCERTAIN,60.35
2026-09-03,15:18:56,REAL,88.03
2026-09-03,15:19:02,FAKE,96.80
2026-09-03,15:19:09,REAL,97.40
2026-09-03,15:19:10,FAKE,96.80
2026-09-03,15:19:11,REAL,97.40
2026-09-03,15:19:20,FAKE,96.80
2026-09-03,15:19:22,REAL,97.40
2026-09-03,15:19:27,FAKE,96.80
2026-09-03,15:19:29,REAL,97.40
2026-09-03,15:19:34,FAKE,96.80
2026-09-03,15:19:41,REAL,97.40
2026-09-03,15:19:41,FAKE,96.80
2026-09-03,15:19:42,REAL,97.40
2026-09-03,15:19:42,FAKE,96.80
2026-09-03,15:19:43,REAL,97.40
2026-09-03,16:01:35,REAL,88.54
2026-09-03,16:01:36,UNCERTAIN,62.50
2026-09-03,16:01:36,REAL,97.40
2026-09-03,16:01:43,FAKE,96.80
2026-09-03,16:01:50,REAL,97.40
2026-09-03,16:02:01,FAKE,92.76
2026-09-03,16:02:01,UNCERTAIN,52.03
2026-09-03,16:02:01,REAL,89.67
2026-09-03,16:02:05,FAKE,88.63
2026-09-03,16:02:05,REAL,89.01
2026-09-03,16:02:07,FAKE,90.07
2026-09-03,16:02:08,REAL,89.27
2026-09-03,16:09:57,REAL,88.94
2026-09-03,16:10:24,REAL,97.40
2026-09-03,16:10:54,REAL,97.40
2026-09-03,16:11:24,REAL,97.40
2026-09-03,16:11:34,AUDIO-FAKE,95.95
2026-09-03,16:11:54,REAL,97.40
2026-09-03,16:12:17,AUDIO-REAL,96.30
2026-09-03,16:12:24,REAL,97.40
2026-09-03,16:12:54,REAL,97.40
2026-09-03,16:13:16,AUDIO-FAKE,97.80
2026-09-03,16:13:24,REAL,97.40
